{"global_step": 2850560, "_timestamp": 1702507289.8668592, "_runtime": 1273.9872782230377, "_step": 2347, "charts/learning_rate": 0.0015501792076975107, "losses/value_loss": 0.0008193852263502777, "losses/policy_loss": -0.03628786280751228, "losses/entropy": 2.4759490489959717, "losses/old_approx_kl": 0.0333736352622509, "losses/approx_kl": 0.017125660553574562, "losses/clipfrac": 0.0751953125, "losses/explained_variance": 0.8015496730804443, "charts/SPS": 2248.0, "charts/episodic_return": -29817.0, "charts/episodic_length": 30000.0, "_wandb": {"runtime": 1274}}